"unit","mot_nrg","geo","time","values"
"NR","ALT","AT",2017,5868
"NR","ALT","BE",2017,5418
"NR","ALT","CH",2017,5700
"NR","ALT","CY",2017,57
"NR","ALT","DE",2017,143474
"NR","ALT","EE",2017,35
"NR","ALT","ES",2017,12646
"NR","ALT","FI",2017,936
"NR","ALT","FR",2017,26872
"NR","ALT","HR",2017,1542
"NR","ALT","HU",2017,10420
"NR","ALT","IE",2017,5444
"NR","ALT","IT",2017,163320
"NR","ALT","LT",2017,3301
"NR","ALT","LV",2017,130
"NR","ALT","MT",2017,98
"NR","ALT","NL",2017,10433
"NR","ALT","NO",2017,41681
"NR","ALT","PL",2017,116948
"NR","ALT","PT",2017,6248
"NR","ALT","RO",2017,5549
"NR","ALT","SE",2017,9477
"NR","ALT","SI",2017,1838
"NR","ALT","TR",2017,25508
"NR","ALT","UK",2017,13744
"NR","BIFUEL","AT",2017,321
"NR","BIFUEL","CH",2017,600
"NR","BIFUEL","CY",2017,0
"NR","BIFUEL","FI",2017,368
"NR","BIFUEL","FR",2017,1032
"NR","BIFUEL","HR",2017,822
"NR","BIFUEL","HU",2017,1217
"NR","BIFUEL","LT",2017,0
"NR","BIFUEL","LV",2017,0
"NR","BIFUEL","MT",2017,44
"NR","BIFUEL","PL",2017,0
"NR","BIFUEL","PT",2017,0
"NR","BIFUEL","SE",2017,3190
"NR","BIFUEL","TR",2017,0
"NR","BIFUEL","UK",2017,11
"NR","BIODIE","CH",2017,0
"NR","BIODIE","CY",2017,0
"NR","BIODIE","ES",2017,0
"NR","BIODIE","HU",2017,0
"NR","BIODIE","LT",2017,0
"NR","BIODIE","LV",2017,0
"NR","BIODIE","MT",2017,0
"NR","BIODIE","PL",2017,0
"NR","BIODIE","PT",2017,0
"NR","BIODIE","SE",2017,0
"NR","BIODIE","TR",2017,0
"NR","BIOETH","CH",2017,0
"NR","BIOETH","CY",2017,0
"NR","BIOETH","FI",2017,1
"NR","BIOETH","FR",2017,746
"NR","BIOETH","HU",2017,0
"NR","BIOETH","LT",2017,0
"NR","BIOETH","LV",2017,0
"NR","BIOETH","MT",2017,0
"NR","BIOETH","PL",2017,11
"NR","BIOETH","PT",2017,0
"NR","BIOETH","SE",2017,0
"NR","BIOETH","TR",2017,0
"NR","DIE","AT",2017,175590
"NR","DIE","BE",2017,259790
"NR","DIE","CH",2017,114100
"NR","DIE","CY",2017,15478
"NR","DIE","DE",2017,1336776
"NR","DIE","DK",2017,77495
"NR","DIE","EE",2017,6409
"NR","DIE","ES",2017,680575
"NR","DIE","FI",2017,36216
"NR","DIE","FR",2017,979495
"NR","DIE","HR",2017,71385
"NR","DIE","HU",2017,113161
"NR","DIE","IE",2017,87640
"NR","DIE","LT",2017,110328
"NR","DIE","LV",2017,7446
"NR","DIE","MT",2017,6865
"NR","DIE","NL",2017,72267
"NR","DIE","NO",2017,46970
"NR","DIE","PL",2017,500112
"NR","DIE","PT",2017,139106
"NR","DIE","RO",2017,422731
"NR","DIE","SE",2017,192191
"NR","DIE","SI",2017,32410
"NR","DIE","TR",2017,457069
"NR","DIE","UK",2017,1049086
"NR","DIE_X_HYB","AT",2017,175458
"NR","DIE_X_HYB","BE",2017,258956
"NR","DIE_X_HYB","CH",2017,113800
"NR","DIE_X_HYB","CY",2017,15478
"NR","DIE_X_HYB","EE",2017,6408
"NR","DIE_X_HYB","ES",2017,680355
"NR","DIE_X_HYB","FI",2017,36062
"NR","DIE_X_HYB","FR",2017,978185
"NR","DIE_X_HYB","HR",2017,71385
"NR","DIE_X_HYB","HU",2017,113161
"NR","DIE_X_HYB","IE",2017,87640
"NR","DIE_X_HYB","IT",2017,1130434
"NR","DIE_X_HYB","LT",2017,110312
"NR","DIE_X_HYB","LV",2017,7445
"NR","DIE_X_HYB","MT",2017,6858
"NR","DIE_X_HYB","NO",2017,44349
"NR","DIE_X_HYB","PL",2017,500112
"NR","DIE_X_HYB","PT",2017,138712
"NR","DIE_X_HYB","SE",2017,191059
"NR","DIE_X_HYB","SI",2017,32410
"NR","DIE_X_HYB","TR",2017,457060
"NR","DIE_X_HYB","UK",2017,1047685
"NR","ELC","AT",2017,5433
"NR","ELC","BE",2017,2717
"NR","ELC","CH",2017,4900
"NR","ELC","CY",2017,44
"NR","ELC","DE",2017,25056
"NR","ELC","EE",2017,26
"NR","ELC","ES",2017,7175
"NR","ELC","FI",2017,502
"NR","ELC","FR",2017,24910
"NR","ELC","HR",2017,55
"NR","ELC","HU",2017,1262
"NR","ELC","IE",2017,631
"NR","ELC","LT",2017,283
"NR","ELC","LV",2017,41
"NR","ELC","MT",2017,53
"NR","ELC","NL",2017,7958
"NR","ELC","NO",2017,41583
"NR","ELC","PL",2017,12179
"NR","ELC","PT",2017,1912
"NR","ELC","RO",2017,3652
"NR","ELC","SE",2017,4359
"NR","ELC","SI",2017,297
"NR","ELC","TR",2017,117
"NR","ELC","UK",2017,13727
"NR","ELC_DIE_HYB","AT",2017,43
"NR","ELC_DIE_HYB","BE",2017,834
"NR","ELC_DIE_HYB","CH",2017,300
"NR","ELC_DIE_HYB","CY",2017,0
"NR","ELC_DIE_HYB","EE",2017,1
"NR","ELC_DIE_HYB","ES",2017,207
"NR","ELC_DIE_HYB","FI",2017,2
"NR","ELC_DIE_HYB","FR",2017,1023
"NR","ELC_DIE_HYB","HU",2017,0
"NR","ELC_DIE_HYB","LV",2017,1
"NR","ELC_DIE_HYB","MT",2017,7
"NR","ELC_DIE_HYB","NO",2017,30
"NR","ELC_DIE_HYB","PT",2017,394
"NR","ELC_DIE_HYB","SE",2017,17
"NR","ELC_DIE_HYB","TR",2017,9
"NR","ELC_DIE_HYB","UK",2017,783
"NR","ELC_DIE_PI","AT",2017,89
"NR","ELC_DIE_PI","CY",2017,0
"NR","ELC_DIE_PI","ES",2017,13
"NR","ELC_DIE_PI","FI",2017,152
"NR","ELC_DIE_PI","FR",2017,287
"NR","ELC_DIE_PI","HU",2017,0
"NR","ELC_DIE_PI","LT",2017,16
"NR","ELC_DIE_PI","LV",2017,0
"NR","ELC_DIE_PI","NO",2017,2591
"NR","ELC_DIE_PI","SE",2017,1115
"NR","ELC_DIE_PI","TR",2017,0
"NR","ELC_DIE_PI","UK",2017,618
"NR","ELC_PET_HYB","AT",2017,6529
"NR","ELC_PET_HYB","BE",2017,23458
"NR","ELC_PET_HYB","CH",2017,11600
"NR","ELC_PET_HYB","CY",2017,1349
"NR","ELC_PET_HYB","EE",2017,1186
"NR","ELC_PET_HYB","ES",2017,55220
"NR","ELC_PET_HYB","FI",2017,8512
"NR","ELC_PET_HYB","FR",2017,68654
"NR","ELC_PET_HYB","HU",2017,0
"NR","ELC_PET_HYB","LV",2017,17
"NR","ELC_PET_HYB","MT",2017,272
"NR","ELC_PET_HYB","NL",2017,20733
"NR","ELC_PET_HYB","NO",2017,21105
"NR","ELC_PET_HYB","PT",2017,4319
"NR","ELC_PET_HYB","SE",2017,18380
"NR","ELC_PET_HYB","TR",2017,385
"NR","ELC_PET_HYB","UK",2017,70123
"NR","ELC_PET_PI","AT",2017,1632
"NR","ELC_PET_PI","CY",2017,0
"NR","ELC_PET_PI","ES",2017,328
"NR","ELC_PET_PI","FI",2017,2401
"NR","ELC_PET_PI","FR",2017,11575
"NR","ELC_PET_PI","HU",2017,0
"NR","ELC_PET_PI","LT",2017,2867
"NR","ELC_PET_PI","LV",2017,0
"NR","ELC_PET_PI","NO",2017,30879
"NR","ELC_PET_PI","SE",2017,14874
"NR","ELC_PET_PI","TR",2017,0
"NR","ELC_PET_PI","UK",2017,34225
"NR","GAS","AT",2017,114
"NR","GAS","BE",2017,741
"NR","GAS","CH",2017,100
"NR","GAS","CY",2017,0
"NR","GAS","DE",2017,3723
"NR","GAS","EE",2017,9
"NR","GAS","ES",2017,1310
"NR","GAS","FI",2017,65
"NR","GAS","FR",2017,26
"NR","GAS","HR",2017,1
"NR","GAS","HU",2017,135
"NR","GAS","IT",2017,32659
"NR","GAS","LT",2017,0
"NR","GAS","LV",2017,11
"NR","GAS","MT",2017,0
"NR","GAS","NL",2017,1268
"NR","GAS","NO",2017,37
"NR","GAS","PL",2017,313
"NR","GAS","PT",2017,7
"NR","GAS","RO",2017,424
"NR","GAS","SE",2017,781
"NR","GAS","SI",2017,43
"NR","GAS","TR",2017,0
"NR","GAS","UK",2017,3
"NR","HYD_FCELL","AT",2017,0
"NR","HYD_FCELL","CH",2017,0
"NR","HYD_FCELL","CY",2017,0
"NR","HYD_FCELL","ES",2017,2
"NR","HYD_FCELL","FI",2017,0
"NR","HYD_FCELL","FR",2017,0
"NR","HYD_FCELL","HU",2017,0
"NR","HYD_FCELL","LT",2017,0
"NR","HYD_FCELL","LV",2017,0
"NR","HYD_FCELL","MT",2017,0
"NR","HYD_FCELL","NL",2017,6
"NR","HYD_FCELL","NO",2017,56
"NR","HYD_FCELL","PL",2017,36
"NR","HYD_FCELL","PT",2017,0
"NR","HYD_FCELL","SE",2017,14
"NR","HYD_FCELL","TR",2017,0
"NR","HYD_FCELL","UK",2017,35
"NR","LPG","BE",2017,2
"NR","LPG","CH",2017,0
"NR","LPG","CY",2017,0
"NR","LPG","DE",2017,4400
"NR","LPG","EE",2017,0
"NR","LPG","ES",2017,4079
"NR","LPG","FI",2017,0
"NR","LPG","FR",2017,46
"NR","LPG","HU",2017,0
"NR","LPG","IT",2017,128765
"NR","LPG","LT",2017,48
"NR","LPG","LV",2017,78
"NR","LPG","MT",2017,1
"NR","LPG","NL",2017,1200
"NR","LPG","PL",2017,104376
"NR","LPG","PT",2017,1795
"NR","LPG","RO",2017,1464
"NR","LPG","SE",2017,0
"NR","LPG","SI",2017,335
"NR","LPG","TR",2017,25391
"NR","OTH","AT",2017,0
"NR","OTH","BE",2017,1958
"NR","OTH","CH",2017,100
"NR","OTH","CY",2017,13
"NR","OTH","DE",2017,114255
"NR","OTH","ES",2017,80
"NR","OTH","FI",2017,0
"NR","OTH","FR",2017,112
"NR","OTH","HR",2017,664
"NR","OTH","HU",2017,7806
"NR","OTH","IE",2017,4813
"NR","OTH","IT",2017,1896
"NR","OTH","LT",2017,2970
"NR","OTH","LV",2017,0
"NR","OTH","MT",2017,0
"NR","OTH","NL",2017,1
"NR","OTH","NO",2017,5
"NR","OTH","PL",2017,33
"NR","OTH","PT",2017,2534
"NR","OTH","RO",2017,9
"NR","OTH","SE",2017,1133
"NR","OTH","SI",2017,1163
"NR","OTH","TR",2017,0
"NR","OTH","UK",2017,3
"NR","PET","AT",2017,171862
"NR","PET","BE",2017,288484
"NR","PET","CH",2017,195200
"NR","PET","CY",2017,20532
"NR","PET","DE",2017,1986488
"NR","PET","DK",2017,142607
"NR","PET","EE",2017,19177
"NR","PET","ES",2017,648790
"NR","PET","FI",2017,81435
"NR","PET","FR",2017,1073148
"NR","PET","HR",2017,20875
"NR","PET","HU",2017,148139
"NR","PET","IE",2017,40798
"NR","PET","LT",2017,47486
"NR","PET","LV",2017,9488
"NR","PET","MT",2017,11766
"NR","PET","NL",2017,331609
"NR","PET","NO",2017,95077
"NR","PET","PL",2017,719727
"NR","PET","PT",2017,78675
"NR","PET","RO",2017,199463
"NR","PET","SE",2017,191048
"NR","PET","SI",2017,38229
"NR","PET","TR",2017,259325
"NR","PET","UK",2017,1446500
"NR","PET_X_HYB","AT",2017,163701
"NR","PET_X_HYB","BE",2017,265026
"NR","PET_X_HYB","CH",2017,183600
"NR","PET_X_HYB","CY",2017,19183
"NR","PET_X_HYB","EE",2017,17991
"NR","PET_X_HYB","ES",2017,593242
"NR","PET_X_HYB","FI",2017,70522
"NR","PET_X_HYB","FR",2017,992919
"NR","PET_X_HYB","HR",2017,20875
"NR","PET_X_HYB","HU",2017,148139
"NR","PET_X_HYB","IE",2017,40798
"NR","PET_X_HYB","IT",2017,700072
"NR","PET_X_HYB","LT",2017,44619
"NR","PET_X_HYB","LV",2017,9471
"NR","PET_X_HYB","MT",2017,11494
"NR","PET_X_HYB","NO",2017,43093
"NR","PET_X_HYB","PL",2017,719727
"NR","PET_X_HYB","PT",2017,74356
"NR","PET_X_HYB","SE",2017,157794
"NR","PET_X_HYB","SI",2017,38229
"NR","PET_X_HYB","TR",2017,258940
"NR","PET_X_HYB","UK",2017,1342152
"NR","ALT","AT",2016,4317
"NR","ALT","BE",2016,4413
"NR","ALT","CH",2016,4500
"NR","ALT","CY",2016,22
"NR","ALT","DE",2016,65703
"NR","ALT","EE",2016,35
"NR","ALT","ES",2016,5314
"NR","ALT","FI",2016,402
"NR","ALT","FR",2016,23419
"NR","ALT","HR",2016,1544
"NR","ALT","HU",2016,5940
"NR","ALT","IE",2016,3346
"NR","ALT","IT",2016,146790
"NR","ALT","LI",2016,48
"NR","ALT","LT",2016,3080
"NR","ALT","LV",2016,100
"NR","ALT","MT",2016,87
"NR","ALT","NL",2016,5514
"NR","ALT","NO",2016,29001
"NR","ALT","PL",2016,111753
"NR","ALT","SE",2016,7711
"NR","ALT","SI",2016,881
"NR","ALT","TR",2016,13792
"NR","ALT","UK",2016,10589
"NR","BIFUEL","AT",2016,367
"NR","BIFUEL","CH",2016,700
"NR","BIFUEL","CY",2016,0
"NR","BIFUEL","FI",2016,127
"NR","BIFUEL","FR",2016,450
"NR","BIFUEL","HR",2016,973
"NR","BIFUEL","HU",2016,1163
"NR","BIFUEL","LI",2016,1
"NR","BIFUEL","LT",2016,0
"NR","BIFUEL","LV",2016,0
"NR","BIFUEL","MT",2016,53
"NR","BIFUEL","NL",2016,0
"NR","BIFUEL","PL",2016,0
"NR","BIFUEL","SE",2016,3311
"NR","BIFUEL","UK",2016,29
"NR","BIODIE","CH",2016,0
"NR","BIODIE","CY",2016,0
"NR","BIODIE","ES",2016,1
"NR","BIODIE","FI",2016,0
"NR","BIODIE","HU",2016,1
"NR","BIODIE","LI",2016,0
"NR","BIODIE","LT",2016,0
"NR","BIODIE","LV",2016,0
"NR","BIODIE","MT",2016,0
"NR","BIODIE","NL",2016,0
"NR","BIODIE","PL",2016,0
"NR","BIODIE","SE",2016,0
"NR","BIOETH","BE",2016,6
"NR","BIOETH","CH",2016,0
"NR","BIOETH","CY",2016,0
"NR","BIOETH","FI",2016,14
"NR","BIOETH","FR",2016,1062
"NR","BIOETH","HU",2016,0
"NR","BIOETH","LI",2016,0
"NR","BIOETH","LT",2016,0
"NR","BIOETH","LV",2016,0
"NR","BIOETH","MT",2016,0
"NR","BIOETH","NL",2016,0
"NR","BIOETH","PL",2016,2
"NR","BIOETH","SE",2016,1
"NR","DIE","AT",2016,189139
"NR","DIE","BE",2016,285653
"NR","DIE","CH",2016,125600
"NR","DIE","CY",2016,10344
"NR","DIE","DE",2016,1539596
"NR","DIE","DK",2016,80216
"NR","DIE","EE",2016,6393
"NR","DIE","ES",2016,715543
"NR","DIE","FI",2016,39556
"NR","DIE","FR",2016,1032695
"NR","DIE","HR",2016,74421
"NR","DIE","HU",2016,110271
"NR","DIE","IE",2016,105257
"NR","DIE","LI",2016,985
"NR","DIE","LT",2016,100495
"NR","DIE","LV",2016,7287
"NR","DIE","MT",2016,5451
"NR","DIE","NL",2016,72356
"NR","DIE","NO",2016,56095
"NR","DIE","PL",2016,530548
"NR","DIE","SE",2016,202383
"NR","DIE","SI",2016,32589
"NR","DIE","TR",2016,460829
"NR","DIE","UK",2016,1264307
"NR","DIE_X_HYB","AT",2016,188820
"NR","DIE_X_HYB","BE",2016,284352
"NR","DIE_X_HYB","CH",2016,125000
"NR","DIE_X_HYB","CY",2016,10344
"NR","DIE_X_HYB","EE",2016,6392
"NR","DIE_X_HYB","ES",2016,715467
"NR","DIE_X_HYB","FI",2016,39452
"NR","DIE_X_HYB","FR",2016,1027912
"NR","DIE_X_HYB","HR",2016,74421
"NR","DIE_X_HYB","HU",2016,110271
"NR","DIE_X_HYB","IT",2016,1058886
"NR","DIE_X_HYB","LI",2016,984
"NR","DIE_X_HYB","LT",2016,100484
"NR","DIE_X_HYB","LV",2016,7287
"NR","DIE_X_HYB","MT",2016,5446
"NR","DIE_X_HYB","NO",2016,54835
"NR","DIE_X_HYB","PL",2016,530548
"NR","DIE_X_HYB","SE",2016,201040
"NR","DIE_X_HYB","SI",2016,32589
"NR","DIE_X_HYB","TR",2016,460781
"NR","DIE_X_HYB","UK",2016,1262512
"NR","ELC","AT",2016,3826
"NR","ELC","BE",2016,2061
"NR","ELC","CH",2016,3500
"NR","ELC","CY",2016,22
"NR","ELC","DE",2016,11410
"NR","ELC","EE",2016,32
"NR","ELC","ES",2016,3414
"NR","ELC","FI",2016,223
"NR","ELC","FR",2016,21758
"NR","ELC","HR",2016,66
"NR","ELC","HU",2016,453
"NR","ELC","IE",2016,402
"NR","ELC","LI",2016,46
"NR","ELC","LT",2016,202
"NR","ELC","LV",2016,19
"NR","ELC","MT",2016,31
"NR","ELC","NL",2016,0
"NR","ELC","NO",2016,28965
"NR","ELC","PL",2016,6847
"NR","ELC","SE",2016,2993
"NR","ELC","SI",2016,151
"NR","ELC","TR",2016,77
"NR","ELC","UK",2016,10544
"NR","ELC_DIE_HYB","AT",2016,169
"NR","ELC_DIE_HYB","BE",2016,1301
"NR","ELC_DIE_HYB","CH",2016,600
"NR","ELC_DIE_HYB","CY",2016,0
"NR","ELC_DIE_HYB","EE",2016,1
"NR","ELC_DIE_HYB","ES",2016,66
"NR","ELC_DIE_HYB","FI",2016,11
"NR","ELC_DIE_HYB","FR",2016,4522
"NR","ELC_DIE_HYB","HU",2016,0
"NR","ELC_DIE_HYB","LI",2016,1
"NR","ELC_DIE_HYB","LV",2016,0
"NR","ELC_DIE_HYB","MT",2016,5
"NR","ELC_DIE_HYB","NO",2016,95
"NR","ELC_DIE_HYB","SE",2016,17
"NR","ELC_DIE_HYB","TR",2016,48
"NR","ELC_DIE_HYB","UK",2016,1795
"NR","ELC_DIE_PI","AT",2016,150
"NR","ELC_DIE_PI","CY",2016,0
"NR","ELC_DIE_PI","ES",2016,10
"NR","ELC_DIE_PI","FI",2016,93
"NR","ELC_DIE_PI","FR",2016,261
"NR","ELC_DIE_PI","HU",2016,0
"NR","ELC_DIE_PI","LT",2016,11
"NR","ELC_DIE_PI","LV",2016,0
"NR","ELC_DIE_PI","NO",2016,1165
"NR","ELC_DIE_PI","SE",2016,1326
"NR","ELC_PET_HYB","AT",2016,3305
"NR","ELC_PET_HYB","BE",2016,15692
"NR","ELC_PET_HYB","CH",2016,9900
"NR","ELC_PET_HYB","CY",2016,746
"NR","ELC_PET_HYB","EE",2016,771
"NR","ELC_PET_HYB","ES",2016,30407
"NR","ELC_PET_HYB","FI",2016,4668
"NR","ELC_PET_HYB","FR",2016,46301
"NR","ELC_PET_HYB","HU",2016,0
"NR","ELC_PET_HYB","LI",2016,62
"NR","ELC_PET_HYB","LV",2016,18
"NR","ELC_PET_HYB","MT",2016,154
"NR","ELC_PET_HYB","NL",2016,29916
"NR","ELC_PET_HYB","NO",2016,18022
"NR","ELC_PET_HYB","SE",2016,13621
"NR","ELC_PET_HYB","TR",2016,138
"NR","ELC_PET_HYB","UK",2016,76970
"NR","ELC_PET_PI","AT",2016,1087
"NR","ELC_PET_PI","CY",2016,0
"NR","ELC_PET_PI","ES",2016,18
"NR","ELC_PET_PI","FI",2016,1116
"NR","ELC_PET_PI","FR",2016,7218
"NR","ELC_PET_PI","HU",2016,0
"NR","ELC_PET_PI","LT",2016,1785
"NR","ELC_PET_PI","LV",2016,0
"NR","ELC_PET_PI","NO",2016,21225
"NR","ELC_PET_PI","SE",2016,8964
"NR","GAS","AT",2016,119
"NR","GAS","BE",2016,790
"NR","GAS","CH",2016,200
"NR","GAS","CY",2016,0
"NR","GAS","DE",2016,3240
"NR","GAS","EE",2016,3
"NR","GAS","ES",2016,405
"NR","GAS","FI",2016,38
"NR","GAS","FR",2016,10
"NR","GAS","HR",2016,2
"NR","GAS","HU",2016,130
"NR","GAS","LI",2016,0
"NR","GAS","LT",2016,0
"NR","GAS","LV",2016,4
"NR","GAS","MT",2016,1
"NR","GAS","NL",2016,658
"NR","GAS","NO",2016,5
"NR","GAS","PL",2016,349
"NR","GAS","SE",2016,499
"NR","GAS","SI",2016,9
"NR","GAS","UK",2016,33
"NR","HYD_FCELL","AT",2016,5
"NR","HYD_FCELL","CH",2016,0
"NR","HYD_FCELL","CY",2016,0
"NR","HYD_FCELL","EE",2016,0
"NR","HYD_FCELL","ES",2016,2
"NR","HYD_FCELL","FI",2016,0
"NR","HYD_FCELL","FR",2016,9
"NR","HYD_FCELL","HU",2016,0
"NR","HYD_FCELL","LI",2016,0
"NR","HYD_FCELL","LT",2016,0
"NR","HYD_FCELL","LV",2016,0
"NR","HYD_FCELL","MT",2016,0
"NR","HYD_FCELL","NL",2016,7
"NR","HYD_FCELL","NO",2016,23
"NR","HYD_FCELL","PL",2016,16
"NR","HYD_FCELL","SE",2016,19
"NR","HYD_FCELL","UK",2016,7
"NR","LPG","AT",2016,0
"NR","LPG","BE",2016,4
"NR","LPG","CH",2016,0
"NR","LPG","CY",2016,0
"NR","LPG","DE",2016,2990
"NR","LPG","EE",2016,0
"NR","LPG","ES",2016,1445
"NR","LPG","FI",2016,0
"NR","LPG","FR",2016,47
"NR","LPG","HR",2016,2
"NR","LPG","HU",2016,1
"NR","LPG","LI",2016,1
"NR","LPG","LT",2016,25
"NR","LPG","LV",2016,77
"NR","LPG","MT",2016,0
"NR","LPG","NL",2016,860
"NR","LPG","PL",2016,104515
"NR","LPG","SE",2016,0
"NR","LPG","SI",2016,290
"NR","LPG","TR",2016,13715
"NR","OTH","AT",2016,0
"NR","OTH","BE",2016,1552
"NR","OTH","CH",2016,100
"NR","OTH","CY",2016,0
"NR","OTH","DE",2016,48063
"NR","OTH","ES",2016,47
"NR","OTH","FI",2016,0
"NR","OTH","FR",2016,83
"NR","OTH","HR",2016,501
"NR","OTH","HU",2016,4192
"NR","OTH","IE",2016,2944
"NR","OTH","LI",2016,0
"NR","OTH","LT",2016,2853
"NR","OTH","LV",2016,0
"NR","OTH","MT",2016,0
"NR","OTH","NL",2016,3989
"NR","OTH","NO",2016,8
"NR","OTH","PL",2016,24
"NR","OTH","SE",2016,888
"NR","OTH","SI",2016,431
"NR","OTH","UK",2016,2
"NR","PET","AT",2016,136148
"NR","PET","BE",2016,256076
"NR","PET","CH",2016,188600
"NR","PET","CY",2016,17590
"NR","PET","DE",2016,1746308
"NR","PET","DK",2016,140371
"NR","PET","EE",2016,16592
"NR","PET","ES",2016,509247
"NR","PET","FI",2016,79042
"NR","PET","FR",2016,928357
"NR","PET","HR",2016,20490
"NR","PET","HU",2016,122444
"NR","PET","IE",2016,41160
"NR","PET","LI",2016,951
"NR","PET","LT",2016,36296
"NR","PET","LV",2016,9381
"NR","PET","MT",2016,11176
"NR","PET","NL",2016,304645
"NR","PET","NO",2016,86537
"NR","PET","PL",2016,718969
"NR","PET","SE",2016,177903
"NR","PET","SI",2016,31429
"NR","PET","TR",2016,271453
"NR","PET","UK",2016,1390355
"NR","PET_X_HYB","AT",2016,131756
"NR","PET_X_HYB","BE",2016,240384
"NR","PET_X_HYB","CH",2016,178700
"NR","PET_X_HYB","CY",2016,16844
"NR","PET_X_HYB","EE",2016,15821
"NR","PET_X_HYB","ES",2016,478822
"NR","PET_X_HYB","FI",2016,73258
"NR","PET_X_HYB","FR",2016,874838
"NR","PET_X_HYB","HR",2016,20490
"NR","PET_X_HYB","HU",2016,122444
"NR","PET_X_HYB","IT",2016,643165
"NR","PET_X_HYB","LI",2016,889
"NR","PET_X_HYB","LT",2016,34511
"NR","PET_X_HYB","LV",2016,9363
"NR","PET_X_HYB","MT",2016,11022
"NR","PET_X_HYB","NO",2016,47290
"NR","PET_X_HYB","PL",2016,718952
"NR","PET_X_HYB","SE",2016,155318
"NR","PET_X_HYB","SI",2016,31429
"NR","PET_X_HYB","TR",2016,271315
"NR","PET_X_HYB","UK",2016,1313385
"NR","ALT","AT",2015,2389
"NR","ALT","BE",2015,2147
"NR","ALT","CH",2015,5000
"NR","ALT","CY",2015,9
"NR","ALT","DE",2015,56202
"NR","ALT","EE",2015,46
"NR","ALT","ES",2015,5179
"NR","ALT","FI",2015,506
"NR","ALT","FR",2015,19181
"NR","ALT","HR",2015,1063
"NR","ALT","HU",2015,3501
"NR","ALT","IE",2015,2212
"NR","ALT","IT",2015,185333
"NR","ALT","LI",2015,40
"NR","ALT","LT",2015,1036
"NR","ALT","LV",2015,157
"NR","ALT","MT",2015,96
"NR","ALT","NL",2015,4256
"NR","ALT","NO",2015,22151
"NR","ALT","PL",2015,92959
"NR","ALT","RO",2015,2352
"NR","ALT","SE",2015,9434
"NR","ALT","SI",2015,599
"NR","ALT","TR",2015,13442
"NR","ALT","UK",2015,10119
"NR","BIFUEL","AT",2015,536
"NR","BIFUEL","CH",2015,900
"NR","BIFUEL","CY",2015,0
"NR","BIFUEL","FI",2015,140
"NR","BIFUEL","FR",2015,1579
"NR","BIFUEL","HR",2015,517
"NR","BIFUEL","HU",2015,988
"NR","BIFUEL","LI",2015,5
"NR","BIFUEL","LT",2015,0
"NR","BIFUEL","LV",2015,0
"NR","BIFUEL","MT",2015,53
"NR","BIFUEL","NL",2015,0
"NR","BIFUEL","PL",2015,0
"NR","BIFUEL","SE",2015,4231
"NR","BIFUEL","UK",2015,33
"NR","BIODIE","CH",2015,0
"NR","BIODIE","CY",2015,0
"NR","BIODIE","ES",2015,5
"NR","BIODIE","FI",2015,0
"NR","BIODIE","HU",2015,4
"NR","BIODIE","LI",2015,0
"NR","BIODIE","LT",2015,0
"NR","BIODIE","LV",2015,0
"NR","BIODIE","MT",2015,0
"NR","BIODIE","NL",2015,0
"NR","BIODIE","PL",2015,0
"NR","BIODIE","SE",2015,1
"NR","BIOETH","BE",2015,1
"NR","BIOETH","CH",2015,0
"NR","BIOETH","CY",2015,0
"NR","BIOETH","FI",2015,105
"NR","BIOETH","FR",2015,231
"NR","BIOETH","HU",2015,0
"NR","BIOETH","LI",2015,0
"NR","BIOETH","LT",2015,0
"NR","BIOETH","LV",2015,0
"NR","BIOETH","MT",2015,0
"NR","BIOETH","NL",2015,0
"NR","BIOETH","PL",2015,2
"NR","BIOETH","SE",2015,3
"NR","DIE","AT",2015,180510
"NR","DIE","BE",2015,305838
"NR","DIE","CH",2015,129000
"NR","DIE","CY",2015,6667
"NR","DIE","DE",2015,1538451
"NR","DIE","DK",2015,64203
"NR","DIE","EE",2015,6949
"NR","DIE","ES",2015,694161
"NR","DIE","FI",2015,38844
"NR","DIE","FR",2015,1089403
"NR","DIE","HR",2015,56807
"NR","DIE","HU",2015,103928
"NR","DIE","IE",2015,92436
"NR","DIE","LI",2015,937
"NR","DIE","LT",2015,97813
"NR","DIE","LV",2015,6923
"NR","DIE","MT",2015,5312
"NR","DIE","NL",2015,129773
"NR","DIE","NO",2015,89499
"NR","DIE","PL",2015,481006
"NR","DIE","RO",2015,181809
"NR","DIE","SE",2015,207091
"NR","DIE","SI",2015,31031
"NR","DIE","TR",2015,462191
"NR","DIE","UK",2015,1257152
"NR","DIE_X_HYB","AT",2015,179822
"NR","DIE_X_HYB","BE",2015,303345
"NR","DIE_X_HYB","CH",2015,127900
"NR","DIE_X_HYB","CY",2015,6667
"NR","DIE_X_HYB","EE",2015,6949
"NR","DIE_X_HYB","ES",2015,694123
"NR","DIE_X_HYB","FI",2015,38800
"NR","DIE_X_HYB","FR",2015,1070443
"NR","DIE_X_HYB","HR",2015,56807
"NR","DIE_X_HYB","HU",2015,103928
"NR","DIE_X_HYB","IT",2015,887074
"NR","DIE_X_HYB","LI",2015,934
"NR","DIE_X_HYB","LV",2015,6923
"NR","DIE_X_HYB","MT",2015,5307
"NR","DIE_X_HYB","PL",2015,481006
"NR","DIE_X_HYB","SE",2015,206377
"NR","DIE_X_HYB","SI",2015,31031
"NR","DIE_X_HYB","TR",2015,462119
"NR","DIE_X_HYB","UK",2015,1253393
"NR","ELC","AT",2015,1677
"NR","ELC","BE",2015,1360
"NR","ELC","CH",2015,3900
"NR","ELC","CY",2015,9
"NR","ELC","DE",2015,12363
"NR","ELC","EE",2015,30
"NR","ELC","ES",2015,2634
"NR","ELC","FI",2015,243
"NR","ELC","FR",2015,17269
"NR","ELC","HR",2015,80
"NR","ELC","HU",2015,181
"NR","ELC","IE",2015,494
"NR","ELC","LI",2015,30
"NR","ELC","LT",2015,106
"NR","ELC","LV",2015,17
"NR","ELC","MT",2015,30
"NR","ELC","NL",2015,0
"NR","ELC","NO",2015,21997
"NR","ELC","PL",2015,3496
"NR","ELC","SE",2015,2916
"NR","ELC","SI",2015,123
"NR","ELC","TR",2015,154
"NR","ELC","UK",2015,10063
"NR","ELC_DIE_HYB","AT",2015,518
"NR","ELC_DIE_HYB","BE",2015,2493
"NR","ELC_DIE_HYB","CH",2015,1100
"NR","ELC_DIE_HYB","CY",2015,0
"NR","ELC_DIE_HYB","EE",2015,0
"NR","ELC_DIE_HYB","ES",2015,29
"NR","ELC_DIE_HYB","FI",2015,29
"NR","ELC_DIE_HYB","FR",2015,18870
"NR","ELC_DIE_HYB","HU",2015,0
"NR","ELC_DIE_HYB","LI",2015,3
"NR","ELC_DIE_HYB","LV",2015,0
"NR","ELC_DIE_HYB","MT",2015,5
"NR","ELC_DIE_HYB","SE",2015,135
"NR","ELC_DIE_HYB","TR",2015,72
"NR","ELC_DIE_HYB","UK",2015,3759
"NR","ELC_DIE_PI","AT",2015,170
"NR","ELC_DIE_PI","CY",2015,0
"NR","ELC_DIE_PI","ES",2015,9
"NR","ELC_DIE_PI","FI",2015,15
"NR","ELC_DIE_PI","FR",2015,90
"NR","ELC_DIE_PI","HU",2015,0
"NR","ELC_DIE_PI","LV",2015,0
"NR","ELC_DIE_PI","SE",2015,579
"NR","ELC_PET_HYB","AT",2015,1893
"NR","ELC_PET_HYB","BE",2015,8352
"NR","ELC_PET_HYB","CH",2015,7700
"NR","ELC_PET_HYB","CY",2015,387
"NR","ELC_PET_HYB","EE",2015,351
"NR","ELC_PET_HYB","ES",2015,7179
"NR","ELC_PET_HYB","FI",2015,2817
"NR","ELC_PET_HYB","FR",2015,35950
"NR","ELC_PET_HYB","HU",2015,0
"NR","ELC_PET_HYB","LI",2015,55
"NR","ELC_PET_HYB","LV",2015,9
"NR","ELC_PET_HYB","MT",2015,78
"NR","ELC_PET_HYB","NL",2015,56219
"NR","ELC_PET_HYB","PL",2015,11
"NR","ELC_PET_HYB","SE",2015,8634
"NR","ELC_PET_HYB","TR",2015,128
"NR","ELC_PET_HYB","UK",2015,58716
"NR","ELC_PET_PI","AT",2015,931
"NR","ELC_PET_PI","CY",2015,0
"NR","ELC_PET_PI","ES",2015,58
"NR","ELC_PET_PI","FI",2015,400
"NR","ELC_PET_PI","FR",2015,5587
"NR","ELC_PET_PI","HU",2015,0
"NR","ELC_PET_PI","LT",2015,793
"NR","ELC_PET_PI","LV",2015,0
"NR","ELC_PET_PI","SE",2015,5173
"NR","GAS","AT",2015,167
"NR","GAS","BE",2015,135
"NR","GAS","CH",2015,200
"NR","GAS","CY",2015,0
"NR","GAS","DE",2015,5285
"NR","GAS","EE",2015,16
"NR","GAS","ES",2015,165
"NR","GAS","FI",2015,18
"NR","GAS","FR",2015,46
"NR","GAS","HU",2015,153
"NR","GAS","LI",2015,5
"NR","GAS","LT",2015,0
"NR","GAS","LV",2015,140
"NR","GAS","MT",2015,0
"NR","GAS","NL",2015,678
"NR","GAS","PL",2015,316
"NR","GAS","SE",2015,886
"NR","GAS","SI",2015,40
"NR","GAS","UK",2015,13
"NR","HYD_FCELL","AT",2015,9
"NR","HYD_FCELL","CH",2015,0
"NR","HYD_FCELL","CY",2015,0
"NR","HYD_FCELL","ES",2015,2
"NR","HYD_FCELL","FI",2015,0
"NR","HYD_FCELL","FR",2015,10
"NR","HYD_FCELL","HU",2015,0
"NR","HYD_FCELL","LI",2015,0
"NR","HYD_FCELL","LT",2015,0
"NR","HYD_FCELL","LV",2015,0
"NR","HYD_FCELL","MT",2015,0
"NR","HYD_FCELL","NL",2015,19
"NR","HYD_FCELL","PL",2015,8
"NR","HYD_FCELL","SE",2015,1
"NR","LPG","AT",2015,0
"NR","LPG","BE",2015,5
"NR","LPG","CH",2015,0
"NR","LPG","CY",2015,0
"NR","LPG","DE",2015,4716
"NR","LPG","EE",2015,0
"NR","LPG","ES",2015,2337
"NR","LPG","FI",2015,0
"NR","LPG","FR",2015,0
"NR","LPG","HU",2015,2
"NR","LPG","LI",2015,0
"NR","LPG","LT",2015,11
"NR","LPG","LV",2015,0
"NR","LPG","MT",2015,0
"NR","LPG","NL",2015,362
"NR","LPG","PL",2015,89117
"NR","LPG","SE",2015,0
"NR","LPG","SI",2015,199
"NR","LPG","TR",2015,13288
"NR","OTH","AT",2015,0
"NR","OTH","BE",2015,646
"NR","OTH","CH",2015,100
"NR","OTH","CY",2015,0
"NR","OTH","DE",2015,33838
"NR","OTH","ES",2015,36
"NR","OTH","FI",2015,0
"NR","OTH","FR",2015,46
"NR","OTH","HR",2015,466
"NR","OTH","HU",2015,2173
"NR","OTH","IE",2015,1718
"NR","OTH","IT",2015,1467
"NR","OTH","LI",2015,0
"NR","OTH","LT",2015,919
"NR","OTH","LV",2015,0
"NR","OTH","MT",2015,13
"NR","OTH","NL",2015,3197
"NR","OTH","NO",2015,154
"NR","OTH","PL",2015,20
"NR","OTH","SE",2015,1396
"NR","OTH","SI",2015,237
"NR","OTH","UK",2015,10
"NR","PET","AT",2015,125656
"NR","PET","BE",2015,198299
"NR","PET","CH",2015,193200
"NR","PET","CY",2015,14786
"NR","PET","DE",2015,1611389
"NR","PET","DK",2015,137698
"NR","PET","EE",2015,14069
"NR","PET","ES",2015,394777
"NR","PET","FI",2015,69469
"NR","PET","FR",2015,777645
"NR","PET","HR",2015,16311
"NR","PET","HU",2015,92477
"NR","PET","IE",2015,35311
"NR","PET","LI",2015,1072
"NR","PET","LT",2015,33550
"NR","PET","LV",2015,7211
"NR","PET","MT",2015,11395
"NR","PET","NL",2015,314898
"NR","PET","NO",2015,64686
"NR","PET","PL",2015,571541
"NR","PET","RO",2015,148062
"NR","PET","SE",2015,145383
"NR","PET","SI",2015,29038
"NR","PET","TR",2015,270762
"NR","PET","UK",2015,1334875
"NR","PET_X_HYB","AT",2015,122832
"NR","PET_X_HYB","BE",2015,189947
"NR","PET_X_HYB","CH",2015,185500
"NR","PET_X_HYB","CY",2015,14399
"NR","PET_X_HYB","EE",2015,13718
"NR","PET_X_HYB","ES",2015,387540
"NR","PET_X_HYB","FI",2015,66252
"NR","PET_X_HYB","FR",2015,736108
"NR","PET_X_HYB","HR",2015,16311
"NR","PET_X_HYB","HU",2015,92477
"NR","PET_X_HYB","IT",2015,521450
"NR","PET_X_HYB","LI",2015,1017
"NR","PET_X_HYB","LT",2015,32757
"NR","PET_X_HYB","LV",2015,7202
"NR","PET_X_HYB","MT",2015,11317
"NR","PET_X_HYB","PL",2015,571530
"NR","PET_X_HYB","SE",2015,131576
"NR","PET_X_HYB","SI",2015,29038
"NR","PET_X_HYB","TR",2015,270634
"NR","PET_X_HYB","UK",2015,1276159
"NR","ALT","AT",2014,2074
"NR","ALT","BE",2014,2234
"NR","ALT","CH",2014,3000
"NR","ALT","CY",2014,9
"NR","ALT","DE",2014,50482
"NR","ALT","EE",2014,348
"NR","ALT","ES",2014,2589
"NR","ALT","FI",2014,650
"NR","ALT","FR",2014,13201
"NR","ALT","HR",2014,971
"NR","ALT","HU",2014,2478
"NR","ALT","IE",2014,1152
"NR","ALT","LI",2014,21
"NR","ALT","LT",2014,759
"NR","ALT","LV",2014,385
"NR","ALT","MT",2014,94
"NR","ALT","NL",2014,7135
"NR","ALT","NO",2014,21307
"NR","ALT","PL",2014,74292
"NR","ALT","SE",2014,9013
"NR","ALT","SI",2014,407
"NR","ALT","TR",2014,11404
"NR","BIFUEL","AT",2014,511
"NR","BIFUEL","CH",2014,800
"NR","BIFUEL","CY",2014,0
"NR","BIFUEL","FI",2014,86
"NR","BIFUEL","FR",2014,2314
"NR","BIFUEL","HU",2014,779
"NR","BIFUEL","LI",2014,2
"NR","BIFUEL","LT",2014,0
"NR","BIFUEL","LV",2014,0
"NR","BIFUEL","MT",2014,24
"NR","BIFUEL","PL",2014,0
"NR","BIFUEL","SE",2014,3419
"NR","BIODIE","CH",2014,0
"NR","BIODIE","CY",2014,0
"NR","BIODIE","ES",2014,6
"NR","BIODIE","FI",2014,0
"NR","BIODIE","HU",2014,0
"NR","BIODIE","LI",2014,0
"NR","BIODIE","LT",2014,0
"NR","BIODIE","LV",2014,0
"NR","BIODIE","MT",2014,0
"NR","BIODIE","PL",2014,0
"NR","BIOETH","CH",2014,0
"NR","BIOETH","CY",2014,0
"NR","BIOETH","FI",2014,344
"NR","BIOETH","FR",2014,254
"NR","BIOETH","HU",2014,0
"NR","BIOETH","LI",2014,0
"NR","BIOETH","LT",2014,0
"NR","BIOETH","LV",2014,0
"NR","BIOETH","MT",2014,0
"NR","BIOETH","PL",2014,1
"NR","BIOETH","SE",2014,4
"NR","DIE","AT",2014,172574
"NR","DIE","BE",2014,303953
"NR","DIE","CH",2014,113300
"NR","DIE","CY",2014,5782
"NR","DIE","DE",2014,1452565
"NR","DIE","DK",2014,59544
"NR","DIE","EE",2014,7726
"NR","DIE","ES",2014,590360
"NR","DIE","FI",2014,41404
"NR","DIE","FR",2014,1129453
"NR","DIE","HR",2014,50861
"NR","DIE","HU",2014,91757
"NR","DIE","IE",2014,61917
"NR","DIE","LI",2014,800
"NR","DIE","LT",2014,100310
"NR","DIE","LV",2014,7029
"NR","DIE","MT",2014,5768
"NR","DIE","NL",2014,105014
"NR","DIE","NO",2014,87738
"NR","DIE","PL",2014,470967
"NR","DIE","SE",2014,188998
"NR","DIE","SI",2014,29763
"NR","DIE","TR",2014,364242
"NR","DIE_X_HYB","AT",2014,172381
"NR","DIE_X_HYB","BE",2014,303212
"NR","DIE_X_HYB","CH",2014,112600
"NR","DIE_X_HYB","CY",2014,5782
"NR","DIE_X_HYB","EE",2014,7723
"NR","DIE_X_HYB","ES",2014,590198
"NR","DIE_X_HYB","FI",2014,41278
"NR","DIE_X_HYB","FR",2014,1119954
"NR","DIE_X_HYB","HU",2014,91757
"NR","DIE_X_HYB","LI",2014,796
"NR","DIE_X_HYB","LV",2014,7029
"NR","DIE_X_HYB","MT",2014,5766
"NR","DIE_X_HYB","PL",2014,470967
"NR","DIE_X_HYB","SE",2014,188028
"NR","DIE_X_HYB","TR",2014,364241
"NR","ELC","AT",2014,1281
"NR","ELC","BE",2014,1167
"NR","ELC","CH",2014,1900
"NR","ELC","CY",2014,9
"NR","ELC","DE",2014,8522
"NR","ELC","EE",2014,331
"NR","ELC","ES",2014,1181
"NR","ELC","FI",2014,183
"NR","ELC","FR",2014,10567
"NR","ELC","HR",2014,47
"NR","ELC","HU",2014,71
"NR","ELC","IE",2014,194
"NR","ELC","LI",2014,18
"NR","ELC","LT",2014,46
"NR","ELC","LV",2014,174
"NR","ELC","MT",2014,30
"NR","ELC","NO",2014,21153
"NR","ELC","PL",2014,1909
"NR","ELC","SE",2014,1266
"NR","ELC","SI",2014,13
"NR","ELC","TR",2014,63
"NR","ELC_DIE_HYB","AT",2014,90
"NR","ELC_DIE_HYB","BE",2014,741
"NR","ELC_DIE_HYB","CH",2014,700
"NR","ELC_DIE_HYB","CY",2014,0
"NR","ELC_DIE_HYB","EE",2014,3
"NR","ELC_DIE_HYB","ES",2014,139
"NR","ELC_DIE_HYB","FI",2014,75
"NR","ELC_DIE_HYB","FR",2014,9313
"NR","ELC_DIE_HYB","HU",2014,0
"NR","ELC_DIE_HYB","LI",2014,4
"NR","ELC_DIE_HYB","LV",2014,0
"NR","ELC_DIE_HYB","MT",2014,2
"NR","ELC_DIE_HYB","SE",2014,261
"NR","ELC_DIE_HYB","TR",2014,1
"NR","ELC_DIE_PI","AT",2014,103
"NR","ELC_DIE_PI","CY",2014,0
"NR","ELC_DIE_PI","ES",2014,23
"NR","ELC_DIE_PI","FI",2014,51
"NR","ELC_DIE_PI","FR",2014,186
"NR","ELC_DIE_PI","HU",2014,0
"NR","ELC_DIE_PI","LV",2014,0
"NR","ELC_DIE_PI","MT",2014,0
"NR","ELC_DIE_PI","SE",2014,709
"NR","ELC_PET_HYB","AT",2014,1836
"NR","ELC_PET_HYB","BE",2014,7585
"NR","ELC_PET_HYB","CH",2014,6200
"NR","ELC_PET_HYB","CY",2014,303
"NR","ELC_PET_HYB","EE",2014,308
"NR","ELC_PET_HYB","ES",2014,8070
"NR","ELC_PET_HYB","FI",2014,2236
"NR","ELC_PET_HYB","FR",2014,31829
"NR","ELC_PET_HYB","HU",2014,0
"NR","ELC_PET_HYB","LI",2014,35
"NR","ELC_PET_HYB","LV",2014,1
"NR","ELC_PET_HYB","MT",2014,35
"NR","ELC_PET_HYB","NL",2014,26727
"NR","ELC_PET_HYB","SE",2014,6798
"NR","ELC_PET_HYB","TR",2014,27
"NR","ELC_PET_PI","AT",2014,331
"NR","ELC_PET_PI","CY",2014,0
"NR","ELC_PET_PI","ES",2014,246
"NR","ELC_PET_PI","FI",2014,212
"NR","ELC_PET_PI","FR",2014,1850
"NR","ELC_PET_PI","HU",2014,0
"NR","ELC_PET_PI","LV",2014,0
"NR","ELC_PET_PI","SE",2014,2702
"NR","GAS","AT",2014,279
"NR","GAS","BE",2014,263
"NR","GAS","CH",2014,200
"NR","GAS","CY",2014,0
"NR","GAS","DE",2014,8194
"NR","GAS","EE",2014,17
"NR","GAS","ES",2014,127
"NR","GAS","FI",2014,37
"NR","GAS","FR",2014,27
"NR","GAS","HR",2014,13
"NR","GAS","HU",2014,268
"NR","GAS","LI",2014,1
"NR","GAS","LT",2014,0
"NR","GAS","LV",2014,211
"NR","GAS","MT",2014,0
"NR","GAS","NL",2014,3223
"NR","GAS","PL",2014,302
"NR","GAS","SE",2014,1602
"NR","GAS","SI",2014,48
"NR","GAS","TR",2014,2
"NR","HYD_FCELL","AT",2014,3
"NR","HYD_FCELL","CH",2014,0
"NR","HYD_FCELL","CY",2014,0
"NR","HYD_FCELL","ES",2014,0
"NR","HYD_FCELL","FI",2014,0
"NR","HYD_FCELL","FR",2014,1
"NR","HYD_FCELL","HU",2014,0
"NR","HYD_FCELL","LI",2014,0
"NR","HYD_FCELL","LT",2014,0
"NR","HYD_FCELL","LV",2014,0
"NR","HYD_FCELL","MT",2014,0
"NR","HYD_FCELL","NL",2014,2
"NR","HYD_FCELL","PL",2014,13
"NR","LPG","CH",2014,0
"NR","LPG","CY",2014,0
"NR","LPG","DE",2014,6234
"NR","LPG","EE",2014,0
"NR","LPG","ES",2014,1108
"NR","LPG","FI",2014,0
"NR","LPG","FR",2014,0
"NR","LPG","HR",2014,491
"NR","LPG","HU",2014,3
"NR","LPG","LI",2014,0
"NR","LPG","LT",2014,21
"NR","LPG","LV",2014,0
"NR","LPG","MT",2014,1
"NR","LPG","NL",2014,998
"NR","LPG","PL",2014,72048
"NR","LPG","SI",2014,232
"NR","LPG","TR",2014,11339
"NR","OTH","BE",2014,804
"NR","OTH","CH",2014,100
"NR","OTH","CY",2014,0
"NR","OTH","DE",2014,27532
"NR","OTH","ES",2014,167
"NR","OTH","FI",2014,0
"NR","OTH","FR",2014,38
"NR","OTH","HR",2014,420
"NR","OTH","HU",2014,1357
"NR","OTH","IE",2014,958
"NR","OTH","LI",2014,0
"NR","OTH","LT",2014,692
"NR","OTH","LV",2014,0
"NR","OTH","MT",2014,39
"NR","OTH","NL",2014,2912
"NR","OTH","NO",2014,154
"NR","OTH","PL",2014,19
"NR","OTH","SE",2014,2722
"NR","OTH","SI",2014,114
"NR","PET","AT",2014,128670
"NR","PET","BE",2014,181524
"NR","PET","CH",2014,187000
"NR","PET","CY",2014,12142
"NR","PET","DE",2014,1533726
"NR","PET","DK",2014,127172
"NR","PET","EE",2014,13054
"NR","PET","ES",2014,297176
"NR","PET","FI",2014,64181
"NR","PET","FR",2014,623201
"NR","PET","HR",2014,16690
"NR","PET","HU",2014,70185
"NR","PET","IE",2014,21067
"NR","PET","LI",2014,979
"NR","PET","LT",2014,35029
"NR","PET","LV",2014,5759
"NR","PET","MT",2014,9614
"NR","PET","NL",2014,275420
"NR","PET","NO",2014,62997
"NR","PET","PL",2014,502339
"NR","PET","SE",2014,126019
"NR","PET","SI",2014,23916
"NR","PET","TR",2014,210168
"NR","PET_X_HYB","AT",2014,126503
"NR","PET_X_HYB","BE",2014,173939
"NR","PET_X_HYB","CH",2014,180900
"NR","PET_X_HYB","CY",2014,11839
"NR","PET_X_HYB","EE",2014,12746
"NR","PET_X_HYB","ES",2014,288860
"NR","PET_X_HYB","FI",2014,61733
"NR","PET_X_HYB","FR",2014,589522
"NR","PET_X_HYB","HU",2014,70185
"NR","PET_X_HYB","LI",2014,944
"NR","PET_X_HYB","LV",2014,5758
"NR","PET_X_HYB","MT",2014,9579
"NR","PET_X_HYB","PL",2014,502339
"NR","PET_X_HYB","SE",2014,116519
"NR","PET_X_HYB","TR",2014,210141
"NR","ALT","AT",2013,1285
"NR","ALT","BE",2013,841
"NR","ALT","CH",2013,2300
"NR","ALT","CY",2013,15
"NR","ALT","DE",2013,46534
"NR","ALT","EE",2013,137
"NR","ALT","FI",2013,2
"NR","ALT","FR",2013,11975
"NR","ALT","HR",2013,272
"NR","ALT","HU",2013,1917
"NR","ALT","IT",2013,184648
"NR","ALT","LI",2013,21
"NR","ALT","LT",2013,534
"NR","ALT","LV",2013,11
"NR","ALT","MK",2013,220
"NR","ALT","MT",2013,27
"NR","ALT","NL",2013,5248
"NR","ALT","NO",2013,10584
"NR","ALT","PL",2013,69971
"NR","ALT","RO",2013,1146
"NR","ALT","SE",2013,7610
"NR","ALT","SI",2013,10
"NR","ALT","TR",2013,14495
"NR","BIFUEL","AT",2013,176
"NR","BIFUEL","CH",2013,500
"NR","BIFUEL","CY",2013,0
"NR","BIFUEL","FI",2013,83
"NR","BIFUEL","FR",2013,2850
"NR","BIFUEL","HU",2013,796
"NR","BIFUEL","LI",2013,3
"NR","BIFUEL","LT",2013,0
"NR","BIFUEL","MT",2013,5
"NR","BIFUEL","PL",2013,8
"NR","BIFUEL","SE",2013,2545
"NR","BIODIE","CH",2013,0
"NR","BIODIE","CY",2013,0
"NR","BIODIE","FI",2013,0
"NR","BIODIE","FR",2013,0
"NR","BIODIE","HU",2013,0
"NR","BIODIE","LI",2013,0
"NR","BIODIE","LT",2013,0
"NR","BIODIE","PL",2013,0
"NR","BIODIE","SE",2013,2
"NR","BIOETH","CH",2013,0
"NR","BIOETH","CY",2013,0
"NR","BIOETH","FI",2013,402
"NR","BIOETH","FR",2013,238
"NR","BIOETH","HU",2013,0
"NR","BIOETH","LI",2013,0
"NR","BIOETH","LT",2013,0
"NR","BIOETH","PL",2013,16
"NR","BIOETH","SE",2013,1
"NR","DIE","AT",2013,181061
"NR","DIE","BE",2013,319863
"NR","DIE","CH",2013,116600
"NR","DIE","CY",2013,2998
"NR","DIE","DE",2013,1403113
"NR","DIE","DK",2013,57435
"NR","DIE","EE",2013,7345
"NR","DIE","FI",2013,38697
"NR","DIE","FR",2013,1182129
"NR","DIE","HR",2013,31046
"NR","DIE","HU",2013,72343
"NR","DIE","IT",2013,707641
"NR","DIE","LI",2013,858
"NR","DIE","LT",2013,110402
"NR","DIE","LV",2013,41502
"NR","DIE","MK",2013,22778
"NR","DIE","MT",2013,5267
"NR","DIE","NL",2013,103557
"NR","DIE","NO",2013,97464
"NR","DIE","PL",2013,468097
"NR","DIE","RO",2013,136673
"NR","DIE","SE",2013,176485
"NR","DIE","SI",2013,28016
"NR","DIE","TR",2013,383904
"NR","DIE_X_HYB","AT",2013,180901
"NR","DIE_X_HYB","BE",2013,318951
"NR","DIE_X_HYB","CH",2013,115600
"NR","DIE_X_HYB","CY",2013,2998
"NR","DIE_X_HYB","EE",2013,7341
"NR","DIE_X_HYB","FR",2013,1168194
"NR","DIE_X_HYB","HU",2013,72343
"NR","DIE_X_HYB","IT",2013,707641
"NR","DIE_X_HYB","LI",2013,857
"NR","DIE_X_HYB","MK",2013,22778
"NR","DIE_X_HYB","MT",2013,5266
"NR","DIE_X_HYB","NL",2013,103557
"NR","DIE_X_HYB","SE",2013,175422
"NR","DIE_X_HYB","TR",2013,383904
"NR","ELC","AT",2013,654
"NR","ELC","BE",2013,501
"NR","ELC","CH",2013,1400
"NR","ELC","CY",2013,15
"NR","ELC","DE",2013,6051
"NR","ELC","EE",2013,130
"NR","ELC","FI",2013,50
"NR","ELC","FR",2013,8781
"NR","ELC","HR",2013,3
"NR","ELC","HU",2013,19
"NR","ELC","LI",2013,14
"NR","ELC","LT",2013,4
"NR","ELC","MT",2013,18
"NR","ELC","NO",2013,9970
"NR","ELC","PL",2013,793
"NR","ELC","RO",2013,579
"NR","ELC","SE",2013,452
"NR","ELC","TR",2013,180
"NR","ELC_DIE_HYB","AT",2013,130
"NR","ELC_DIE_HYB","BE",2013,912
"NR","ELC_DIE_HYB","CH",2013,1000
"NR","ELC_DIE_HYB","CY",2013,0
"NR","ELC_DIE_HYB","EE",2013,4
"NR","ELC_DIE_HYB","FR",2013,13694
"NR","ELC_DIE_HYB","HU",2013,0
"NR","ELC_DIE_HYB","LI",2013,1
"NR","ELC_DIE_HYB","MT",2013,1
"NR","ELC_DIE_HYB","SE",2013,473
"NR","ELC_DIE_PI","AT",2013,30
"NR","ELC_DIE_PI","CY",2013,0
"NR","ELC_DIE_PI","FR",2013,241
"NR","ELC_DIE_PI","HU",2013,0
"NR","ELC_DIE_PI","SE",2013,590
"NR","ELC_PET_HYB","AT",2013,2259
"NR","ELC_PET_HYB","BE",2013,4920
"NR","ELC_PET_HYB","CH",2013,6200
"NR","ELC_PET_HYB","CY",2013,160
"NR","ELC_PET_HYB","EE",2013,191
"NR","ELC_PET_HYB","FR",2013,32194
"NR","ELC_PET_HYB","HU",2013,0
"NR","ELC_PET_HYB","LI",2013,41
"NR","ELC_PET_HYB","MT",2013,40
"NR","ELC_PET_HYB","NL",2013,43326
"NR","ELC_PET_HYB","SE",2013,4699
"NR","ELC_PET_HYB","TR",2013,27
"NR","ELC_PET_PI","AT",2013,154
"NR","ELC_PET_PI","CY",2013,0
"NR","ELC_PET_PI","FR",2013,601
"NR","ELC_PET_PI","HU",2013,0
"NR","ELC_PET_PI","SE",2013,519
"NR","GAS","AT",2013,455
"NR","GAS","BE",2013,109
"NR","GAS","CH",2013,400
"NR","GAS","CY",2013,0
"NR","GAS","DE",2013,7835
"NR","GAS","EE",2013,6
"NR","GAS","FI",2013,21
"NR","GAS","FR",2013,19
"NR","GAS","HR",2013,5
"NR","GAS","HU",2013,244
"NR","GAS","IT",2013,67982
"NR","GAS","LI",2013,4
"NR","GAS","LT",2013,4
"NR","GAS","NL",2013,530
"NR","GAS","PL",2013,266
"NR","GAS","RO",2013,99
"NR","GAS","SE",2013,1325
"NR","GAS","TR",2013,3
"NR","HYD_FCELL","CH",2013,0
"NR","HYD_FCELL","CY",2013,0
"NR","HYD_FCELL","FI",2013,1
"NR","HYD_FCELL","FR",2013,1
"NR","HYD_FCELL","HU",2013,0
"NR","HYD_FCELL","LI",2013,0
"NR","HYD_FCELL","LT",2013,0
"NR","HYD_FCELL","NL",2013,1
"NR","HYD_FCELL","PL",2013,8
"NR","HYD_FCELL","SE",2013,3
"NR","LPG","CH",2013,0
"NR","LPG","CY",2013,0
"NR","LPG","DE",2013,6257
"NR","LPG","EE",2013,1
"NR","LPG","FI",2013,0
"NR","LPG","FR",2013,0
"NR","LPG","HR",2013,166
"NR","LPG","HU",2013,1
"NR","LPG","IT",2013,115838
"NR","LPG","LI",2013,0
"NR","LPG","LT",2013,3
"NR","LPG","MK",2013,220
"NR","LPG","NL",2013,2081
"NR","LPG","PL",2013,68869
"NR","LPG","RO",2013,465
"NR","LPG","SE",2013,1
"NR","LPG","TR",2013,14312
"NR","OTH","BE",2013,231
"NR","OTH","CH",2013,0
"NR","OTH","CY",2013,0
"NR","OTH","DE",2013,26391
"NR","OTH","EE",2013,0
"NR","OTH","FI",2013,2
"NR","OTH","FR",2013,86
"NR","OTH","HR",2013,98
"NR","OTH","HU",2013,857
"NR","OTH","IT",2013,828
"NR","OTH","LI",2013,0
"NR","OTH","LT",2013,523
"NR","OTH","MK",2013,61
"NR","OTH","MT",2013,4
"NR","OTH","NL",2013,2636
"NR","OTH","NO",2013,884
"NR","OTH","PL",2013,11
"NR","OTH","RO",2013,3
"NR","OTH","SE",2013,3281
"NR","PET","AT",2013,136689
"NR","PET","BE",2013,169665
"NR","PET","CH",2013,191300
"NR","PET","CY",2013,11758
"NR","PET","DE",2013,1502784
"NR","PET","DK",2013,122644
"NR","PET","EE",2013,12208
"NR","PET","FI",2013,64194
"NR","PET","FR",2013,562849
"NR","PET","HR",2013,15245
"NR","PET","HU",2013,52677
"NR","PET","IT",2013,419045
"NR","PET","LI",2013,1041
"NR","PET","LT",2013,44919
"NR","PET","LV",2013,14293
"NR","PET","MK",2013,8868
"NR","PET","MT",2013,7800
"NR","PET","NL",2013,307912
"NR","PET","NO",2013,67701
"NR","PET","PL",2013,449741
"NR","PET","RO",2013,141921
"NR","PET","SE",2013,108067
"NR","PET","SI",2013,23942
"NR","PET","TR",2013,256506
"NR","PET_X_HYB","AT",2013,134276
"NR","PET_X_HYB","BE",2013,164745
"NR","PET_X_HYB","CH",2013,185100
"NR","PET_X_HYB","CY",2013,11598
"NR","PET_X_HYB","EE",2013,12017
"NR","PET_X_HYB","FR",2013,530054
"NR","PET_X_HYB","HU",2013,52677
"NR","PET_X_HYB","IT",2013,419045
"NR","PET_X_HYB","LI",2013,1000
"NR","PET_X_HYB","LV",2013,14923
"NR","PET_X_HYB","MK",2013,8868
"NR","PET_X_HYB","MT",2013,7760
"NR","PET_X_HYB","SE",2013,102849
"NR","PET_X_HYB","TR",2013,256479
